subjectId,static,dynamic
100331,0.375,0.3203812500000001,0.3203812500000001
100328,0.125,-0.19124375,-0.26349374999999997
100329,0.75,1.15138125,1.15138125
100326,0.25,0.011381250000000065,0.011381250000000065
100330,0.5,0.5541937499999998,0.59081875
100325,0.25,-0.07961875000000002,-0.07961875000000002
110432,0.75,1.02913125,1.02913125
200393,0.75,1.19144375,1.18706875
100324,0.125,-0.15193125000000002,-0.16305625
100319,0.5,0.6091312499999999,0.6091312499999999
