subjectId,static,dynamic
100222,0.375,0.04325000000000001,0.008750000000000036
100219,0.375,0.25212500000000004,0.27537500000000004
100452,0.25,0.17600000000000005,0.17600000000000005
100218,0.75,0.9065625,0.8831875
100225,0.625,0.890375,0.897125
200378,0.625,0.5670000000000001,0.5670000000000001
100223,0.625,0.9021875,0.9010625
100224,0.5,0.5555,0.5810000000000001
100220,0.75,0.8582500000000001,0.8582500000000001
110417,0.625,0.724375,0.656625
