subjectId,static,dynamic
100087,0.25,0.34195625,0.34195625
200437,0.125,0.039956250000000026,0.039956250000000026
100080,0.125,0.006456249999999997,0.006456249999999997
100081,0.125,-0.027418750000000006,-0.01966875
100083,0.125,0.38158125,0.34933125
100082,0.25,0.31320624999999996,0.31320624999999996
100085,0.25,0.08589374999999996,0.08476874999999998
100348,0.125,-0.07685625000000001,-0.08348125
100084,0.25,0.30420624999999996,0.30420624999999996
110401,0.25,0.33314375,0.34201875
