subjectId,static,dynamic
100034,0.625,0.94810625,0.9681062500000001
100046,0.25,0.13041874999999997,0.13254375000000002
100041,0.625,0.79598125,0.77373125
100042,0.125,-0.30639375,-0.30639375
110396,0.5,0.7937937500000001,0.80266875
200436,0.75,0.9509187499999999,0.9675437499999999
100044,0.25,0.0016062500000000313,-0.018393749999999986
100035,0.5,0.31098125000000004,0.35423124999999994
100382,0.5,0.48935625000000005,0.48935625000000005
100045,0.875,1.23098125,1.2387312499999998
