subjectId,static,dynamic
100034,1.0,1.21313125,1.15425625
100046,0.625,0.56488125,0.5560062499999999
100041,0.75,0.79694375,0.80369375
100042,0.25,-0.16643125000000003,-0.16643125000000003
110396,1.0,1.15194375,1.0996937500000001
200436,0.875,1.03363125,1.0247562500000003
100044,0.75,0.9297562500000001,0.90863125
100035,0.875,1.0197562500000001,1.01863125
100382,0.5,0.31981875000000004,0.31431875
100045,0.75,0.78969375,0.78194375
