subjectId,static,dynamic
100132,1.0,0.9466187499999998,0.9921187499999999
100134,0.875,0.8954312499999999,0.8965562499999999
100136,0.5,0.32999374999999986,0.33324374999999984
100130,0.875,1.13386875,1.1183687499999997
100131,0.75,0.8577437499999998,0.8009937499999998
100128,0.875,0.7404312499999999,0.7960562499999999
100133,0.75,0.8705562499999999,0.87943125
200367,0.875,0.7966187499999998,0.8221187499999998
110407,0.875,0.84386875,0.84386875
100351,1.0,1.13486875,1.13486875
