subjectId,static,dynamic
100331,0.625,1.0369187500000001,1.0369187500000001
100328,0.125,-0.05083124999999997,0.009168750000000031
100329,0.625,0.9173562500000001,0.89623125
100326,0.375,0.41685625,0.42573124999999995
100330,0.375,0.43523125000000007,0.43635625
100325,0.375,0.25466875000000005,0.25466875000000005
110432,0.5,0.72141875,0.72141875
200393,0.25,0.23691875,0.23691875
100324,0.125,-0.021518749999999975,-0.03589375
100319,0.25,0.09735625000000003,0.08073125000000003
