subjectId,static,dynamic
100087,0.5,0.6902937499999999,0.6902937499999999
200437,0.625,0.5381687499999999,0.6159187499999998
100080,0.375,0.33704375000000003,0.33704375000000003
100081,0.375,0.6041687499999999,0.60091875
100083,0.125,-0.12745625,-0.12745625
100082,0.25,0.037043749999999986,0.037043749999999986
100085,0.5,0.57929375,0.57479375
100348,0.25,0.03423124999999999,0.02860625
100084,0.25,0.57479375,0.57479375
110401,0.5,0.5725437500000001,0.5770437500000001
