subjectId,static,dynamic
100132,1.0,1.2679375000000002,1.2468125
100134,0.375,0.1140000000000001,0.1140000000000001
100136,0.25,0.1895,0.1895
100130,0.875,1.3290000000000002,1.279
100131,0.625,0.447875,0.480125
100128,0.5,0.38075000000000014,0.38075000000000014
100133,0.75,0.8540000000000001,0.8540000000000001
200367,1.0,1.2872500000000002,1.2872500000000002
110407,0.75,1.0117500000000001,1.0117500000000001
100351,0.125,-0.39981249999999996,-0.40543749999999995
