subjectId,static,dynamic
100034,1.0,1.1641875000000002,1.1575625
100046,0.5,0.20081250000000006,0.23193750000000013
100041,0.875,0.8063125000000001,0.8219375000000001
100042,0.5,0.2508125000000002,0.2574375000000002
110396,1.0,1.0986250000000002,1.1208750000000003
200436,1.0,1.1607500000000002,1.1652500000000001
100044,0.75,0.5930000000000001,0.6130000000000001
100035,1.0,1.1675,1.1675
100382,0.75,0.7565000000000001,0.7565000000000001
100045,1.0,1.078125,1.0813750000000002
